{"cameraMode":{"drawMode":0,"name":"Shaded","section":"Shading Mode"},"sceneLighting":false,"audioPlay":false,"sceneViewState":{"m_AlwaysRefresh":false,"showFog":true,"showSkybox":false,"showFlares":true,"showImageEffects":true,"showParticleSystems":true,"showVisualEffectGraphs":true,"m_FxEnabled":true},"in2DMode":false,"pivot":{"x":-0.000045008957386016846,"y":-0.0005578333511948586,"z":0.10495872050523758},"rotation":{"x":-0.14360973238945008,"y":0.43653833866119387,"z":-0.07081109285354614,"w":-0.8853289484977722},"size":0.02159876562654972,"orthographic":false}