{"cameraMode":{"drawMode":0,"name":"Shaded","section":"Shading Mode"},"sceneLighting":false,"audioPlay":false,"sceneViewState":{"m_AlwaysRefresh":false,"showFog":true,"showSkybox":false,"showFlares":true,"showImageEffects":true,"showParticleSystems":true,"showVisualEffectGraphs":true,"m_FxEnabled":true},"in2DMode":false,"pivot":{"x":-0.0005401074886322022,"y":0.1889060139656067,"z":-0.0028953179717063905},"rotation":{"x":-0.1229633167386055,"y":0.024408753961324693,"z":-0.0030191969126462938,"w":-0.9921277761459351},"size":0.25918519496917727,"orthographic":false}